image,r,g,b
McM01,21.04887218336703,20.275259176343564,21.83499828633742
